Playlist_ID,Playlist_Name,User_ID,Track_ID,Track_Name
1,Playlist_1,1,1,name_1
1,Playlist_1,1,2,name_2
1,Playlist_1,1,3,name_3
1,Playlist_1,1,4,name_4
1,Playlist_1,1,5,name_5
1,Playlist_1,1,6,name_6
1,Playlist_1,1,7,name_7
1,Playlist_1,1,8,name_8
1,Playlist_1,1,9,name_9
1,Playlist_1,1,10,name_10
1,Playlist_1,1,11,name_11
1,Playlist_1,1,12,name_12
1,Playlist_1,1,13,name_13
1,Playlist_1,1,14,name_14
2,Playlist_2,2,14,name_14
2,Playlist_2,2,15,name_15
2,Playlist_2,2,16,name_16
2,Playlist_2,2,17,name_17
2,Playlist_2,2,18,name_18
2,Playlist_2,2,19,name_19
2,Playlist_2,2,20,name_20
2,Playlist_2,2,21,name_21
2,Playlist_2,2,22,name_22
2,Playlist_2,2,23,name_23
2,Playlist_2,2,24,name_24
2,Playlist_2,2,25,name_25
2,Playlist_2,2,26,name_26
2,Playlist_2,2,27,name_27
